mean;std;min;25%;50%;75%;max
0.007689142665116319;0.08522325605716927;-0.38299776388420276;-0.04833952326044006;0.008676324756912367;0.06569217315947935;0.3557293150334071
-1.9220685143128595;1.6831816809758902;-16.348537035375323;-2.9074304215864526;-1.86836959118629;-0.775961413601055;4.276274852767063
-0.00843801264499346;0.20267671752749036;-0.6632851204131918;-0.17900116058584328;-0.009808283000493205;0.16306270061373818;0.6547028731408737
0.0009223864298095976;0.0613734217552199;-0.2954761148814282;-0.03982828849423996;0.0;0.040077215297328966;0.46997380423203167
-7.428012563463468;4.72405904368394;-31.63301054789999;-10.354677242748139;-6.75769880840428;-3.869793334672363;7.472916249261186
-1.2381018260229162;1.6478989592901165;-13.169764953697342;-1.7851912697113739;-0.8766782919604426;-0.204476640988035;3.1883663001781106
-0.008958721705323806;0.18915534999443256;-0.7893557860437213;-0.1360120736461084;-0.009715148392732428;0.1153673841140823;0.7504951935000302
-0.0396175195239763;0.734559750171306;-3.4735142703747344;-0.5361800548224228;-0.0306739161944641;0.4588817862691829;2.807276810117355
-2.179233244074168;2.2430933440075056;-20.979711596243533;-3.15334699761238;-1.7880436024632747;-0.7176752331346575;3.496208967135023
-0.020477175550622485;0.4189349158237517;-2.0342941222736686;-0.28465394202781713;-0.025766090116969256;0.24171045961237714;1.8588393213845247
-0.015040025390233398;0.3156854692936758;-1.315535922611335;-0.21946032651832317;-0.01961656600098641;0.1924875488447887;1.3425087005416791
0.006289931971160573;0.11861963585347021;-0.6370901324072321;-0.07188954849946473;0.007436849791639172;0.08800272253439688;0.6098216829144121
-0.5879918232704833;0.6856352038256217;-8.577669299046574;-0.9129280155368777;-0.5239098771375382;-0.14452686265863127;1.812607735843667
0.016075941367167078;0.0497454283844086;-0.16292763373206495;-0.018648343333731558;0.01889371653252207;0.05177369075795009;0.20464103361199226
-32.68579246177289;0.018902791016434512;-32.766985312649574;-32.698324836739836;-32.68483796144128;-32.67257715987874;-32.613725325219036
0.02881421503938219;0.18173848349958882;-0.6703762219054455;-0.13407524438108911;0.025596183018207926;0.19379967142357427;0.7374138440959902
-7.544310083406339;4.268575518131739;-31.480627450049024;-10.276027902957358;-7.149716615135656;-4.428940990866737;6.9543221599357095
-0.8391634826938975;0.4227362911695932;-3.8447949502046725;-1.0922156357926591;-0.7946725867132615;-0.5363121615870268;0.4848849682423726
-0.0028160898384714137;0.27466456205559703;-1.1794459996711313;-0.18635737187317677;-0.003678105643666754;0.17900116007222386;1.2542341558485275
-0.007280601329539913;0.5667327039826268;-1.4517908817406173;-0.5462670777931098;0.10334782547984057;0.46383488340357015;1.3890439876992857
-0.021625054262404145;0.6854260123907925;-2.5541676866021077;-0.5118178021195435;-0.020915631475515443;0.4613742208921454;2.7805486379099964
-13.352138481561532;9.206932425124263e-12;-13.352138481552325;-13.352138481552325;-13.352138481552325;-13.352138481552325;-13.352138481552325
-0.023053144984674423;0.24113607550695026;-0.7845876528895278;-0.1970765190932235;-0.02726844872239089;0.14749752086751025;0.8577166759690511
-0.14653286338421664;0.6791943489870204;-3.2559256924058877;-0.5990708448630995;-0.12663286188115677;0.32145264873872725;2.4729936726831627
2.7663252847053887;0.5092348485113709;1.8827386324766264;2.3157809616913427;2.7488232909060595;3.2117306083424806;3.693303543417467
-0.5461905455847372;0.8411803484543755;-9.501429527412496;-0.891371223962518;-0.5105793963814789;-0.08938200418967104;2.0447664060282045
0.022039768917868845;0.18118517179548052;-0.48632747683233113;-0.13895070729950929;0.017064122012138614;0.18404874455949508;0.5850556118447525
-3.5732523423662506;2.9937074844315554;-21.67895338312189;-5.2547590657322;-3.01018062032147;-1.4206037133732299;3.8992868375112217
-22.161319681931;2.9629873210702816e-11;-22.16131968196063;-22.16131968196063;-22.16131968196063;-22.16131968196063;-22.16131968196063
-0.008069264155516346;0.2511754927078594;-0.9293347902208212;-0.19003547751684355;-0.007356212571382035;0.17287098335742168;0.9121702951625654
0.043694823505769795;0.16259831279863;-0.8102599381254052;-0.06487167501065755;0.04451977679185636;0.1526392347149361;0.7962680077629166
0.0017325116247859454;0.16205253054133534;-0.7644681674541146;-0.10684746404364555;0.0;0.11066344516832867;0.7593801927068071
-1.5634692453092949;1.4926373773754742;-9.812169584255717;-2.378671281256639;-1.3657788526376846;-0.5648591554044365;4.591136670455852
0.03280895721043546;0.3119906607333069;-1.3449607716128145;-0.18880944230228794;0.046589343032496615;0.2562413866787314;1.165959611155376
-0.1619799971491391;0.6069288755338333;-2.645896234260794;-0.5628465409533292;-0.14002672198846072;0.2617890889349483;2.028561033328483
0.004586085218778277;0.3042581616480993;-1.2797224763507749;-0.22282513202569165;0.0;0.2167370131647479;1.3296450470556445
-17.121441686925888;0.2901656040337307;-17.64008111861451;-17.38569231978473;-17.109182754722756;-16.871998999149234;-16.64095990371588
-0.054862170819611235;1.1150679473679561;-4.315258284840329;-0.8779066654273657;-0.15950870044308904;0.6891749969171196;4.389533328420877
0.007556624906433575;0.5051257729832477;-1.5723633453140509;-0.463834883531975;0.10949948175840253;0.4379979270336101;1.2709321871508965
0.003982433157347668;0.16874692319271317;-0.793724020260858;-0.11066344568194805;0.0038159808678734017;0.11829540690407549;0.7390282947448156
-0.0005346578305639113;0.06942058483358238;-0.2432014862327382;-0.04605145792944069;-0.0037339026883592605;0.04057506890350696;0.3263430388496787
0.000709834379443819;0.06001802323749261;-0.21084100183116825;-0.03584546015843537;0.0034849752432459967;0.040077215297328966;0.2352358289191048
-1.8814124784687076;1.234210594852266;-8.023565423987735;-2.675338082780723;-1.7656006928525745;-1.0113635043335576;1.917427659784532
-13.352138481561532;9.206932425124263e-12;-13.352138481552325;-13.352138481552325;-13.352138481552325;-13.352138481552325;-13.352138481552325
-1.9640355758490813;1.5723672137337081;-10.790134688502597;-2.7905728400905483;-1.6801247784065885;-0.8478909281109228;3.9455833505806326
-0.00651177622313402;0.23406489125629693;-0.7527857000640892;-0.18390530144406564;-0.017164494287826713;0.17164494801446126;0.684127721371924
0.03602681011031768;0.23283219976500277;-0.7483836363044599;-0.13407524438108911;0.03047164645024753;0.20233173242964358;0.9507153692477228
-0.003433448623648615;0.21317362686525987;-0.6885611238767132;-0.16758630560147664;-0.00485757355434195;0.15787115720874426;0.6934186982014844
-0.03628825556226319;0.18487045232963123;-1.1880420432744427;-0.14755126048124792;-0.027983860211357695;0.08140759184796592;0.9781630957982155
0.174621492418471;0.9796064385976452;-2.659294272662005;-0.5492020775891794;0.054197573496986715;0.7611748100021247;5.219828523020899
-0.006111407642356762;0.1551594598067687;-0.8636836695052037;-0.10303148368939155;-0.0025439877588683455;0.09667151531945951;0.8509637335357687
-3.0055258831717016;2.273076601621067;-16.4989385124965;-4.399614902852652;-2.7353342216821943;-1.3566474121605525;3.5716069499307026
0.02173384971241141;0.5581859908490372;-1.5096164508875045;-0.4859808453643689;0.11319047552553965;0.48475051475068076;1.7593736956687145
-32.702619929443216;0.01826671465707554;-32.779246114212114;-32.71426387235089;-32.70200308362884;-32.6897422820663;-32.630890447406586
-13.352138481561532;9.206932425124263e-12;-13.352138481552325;-13.352138481552325;-13.352138481552325;-13.352138481552325;-13.352138481552325
-2.5837445104406584;0.6864184015202599;-3.901857151218206;-3.168185113129258;-2.5660087339852176;-1.9773506007292923;-1.2473653561563456
0.0008859144394791764;0.0525111494604319;-0.24519290168468902;-0.03435189856947226;0.000995707212355999;0.036343313250993964;0.2287637320387908
-1.2324084015776584;1.2638747503040861;-9.901294482124776;-1.59581744185572;-0.9683299803264489;-0.44923766450710245;2.092026336983688
-0.67709348651498;0.32985900206111396;-3.1542012070428247;-0.8681400061439238;-0.6403910064224895;-0.44692680217855457;0.38080612404893405
-2.079426355646368;1.7750723984343693;-13.65813331908732;-3.1341566471230107;-2.0017379591489712;-0.8887183065149582;3.9598280887828836
0.042244100701233654;0.15701751801652805;-0.676700607749836;-0.06264568572164773;0.041975789546607425;0.14882325384706271;0.6919645307077102
-2.1652309743198748;2.446215505714085;-22.97209515658129;-2.902580662751446;-1.8235093219624794;-0.6935155134059429;3.9149678195590725
0.024660013098991556;0.22180870880185125;-0.7739798198362873;-0.15113936587960833;0.06581875633253466;0.1889242079915347;0.6399045754551981
-32.74887846333799;0.024036815263964187;-32.86507169946892;-32.764533152337066;-32.748594116726004;-32.73265508111495;-32.64560339644115
-0.02179090183738549;0.42283317566683915;-1.9459532438904221;-0.3030582917444956;-0.02208521991682386;0.26747654921572694;1.8760167144534243
-0.0009909385546095007;0.07644750192448024;-0.24394826702721975;-0.0555106774740615;0.002240341227800998;0.05302140905795694;0.2566435339847587
-32.72772076238938;0.03479014563496276;-32.876106427295454;-32.75104627703852;-32.72529860017742;-32.70322915736485;-32.62353396646907
0.0029081805551402972;0.05110415437222201;-0.16071927699742797;-0.03484295724765505;0.002208356477827255;0.04073190836881382;0.1766685182261804
-0.05313726340686055;1.0258416777995174;-3.4032581561543283;-0.8133726117161565;-0.12663286188115677;0.6477757921553139;3.8367321824838236
-0.6992618777527273;0.40266226179363934;-3.968465106374692;-0.912220457288702;-0.635493177946826;-0.42243766236833374;0.6746758017715843
0.05294826656576345;0.16041243228924032;-0.7212203845416926;-0.05342373266384704;0.0508797449049787;0.15899920282805843;0.7835480715366719
-0.016998721501639356;0.512363067616669;-2.1987063125623774;-0.358271340894531;-0.008588696277640242;0.33373220819576943;2.114046304122466
-0.011678299060473112;0.16085926230579753;-0.6339134156121479;-0.12022495766842427;-0.01092954113929365;0.09715148135922722;0.6229838742160446
-4.981929359088914;0.2898784065586761;-5.487691585738217;-5.22761731279392;-4.999896777860234;-4.733600633653795;-4.46730448816331
0.014688481985012374;0.03183686837954887;-0.12293184367557417;-0.005888950864349051;0.01521312240280998;0.03656056835514011;0.13127452395973124
-0.3201056212360822;0.5176342036458675;-3.030417277753069;-0.6636307734361765;-0.35385478536322584;0.0012244110215737752;2.285975377278238
-0.05144731359914367;0.04347634081326821;-0.22893295538171152;-0.08170919019322784;-0.04514862158127802;-0.017912225278218254;0.06281547314708635
-1.6941753529725332;0.8592284160448789;-5.620257586445684;-2.2983057708040113;-1.8550523399822045;-1.0922156357926591;0.44570234454601926
-10.926595812106362;0.3022746803410569;-11.46815547662094;-11.189415587322125;-10.91938631856074;-10.639402053982257;-10.410437143768903
-13.352138481561532;9.206932425124263e-12;-13.352138481552325;-13.352138481552325;-13.352138481552325;-13.352138481552325;-13.352138481552325
-2.8874937883988507;0.7616550883448161;-7.58183768550118;-3.328074099952202;-2.7905374812462598;-2.3534063360190327;-0.5461078172543053
-21.863619216381416;0.23151720014473257;-22.16131968196063;-22.064234108244197;-21.87252080945881;-21.672204989045298;-21.40921368142787
-32.614692958489705;0.0208245688404854;-32.72284643986491;-32.628438287094085;-32.613725325219036;-32.60023844992048;-32.52667365338572
0.027280101898063243;0.17946739882387494;-2.350644214096396;-0.08903955358371272;0.02671186607511382;0.14373527935656483;2.952297198111389
-0.02399107063450278;0.5598924813917988;-2.248950916988006;-0.401815810923409;-0.003652871522014038;0.3604166061616032;2.325661208677913
-22.161319681931;2.9629873210702816e-11;-22.16131968196063;-22.16131968196063;-22.16131968196063;-22.16131968196063;-22.16131968196063
0.022209305114167643;0.4666400509532287;-1.8373941174793074;-0.3153645306482125;0.054793065125919416;0.3518932404753491;1.6985850189035019
0.014864096964532942;0.02726521984359149;-0.07999157882893308;-0.004171339500054293;0.014967749460829172;0.03386146599335124;0.10894558623947789
-0.3025821950585666;0.36023776473457597;-2.3924991356415375;-0.5791464128191812;-0.295083056070875;-0.014692932002075599;0.7860718758503638
0.031013113322429273;0.1884452124536265;-0.5679914903462333;-0.11822998797015072;0.023158451302188122;0.17795441526944555;0.6630630267573863
-10.025141774773825;6.683926414191248;-35.742438595304904;-14.700360534186094;-9.426860803957142;-4.591155254746994;4.999148709421888
0.025778123170155327;0.6366404780339068;-1.444408894463153;-0.5413457525134506;-0.013533644198050823;0.5856376777190966;1.6314192450746259
0.022762785482874266;0.14096110482980223;-0.6156449130934325;-0.07123164312377989;0.02416787882986488;0.11702341328145101;0.6131009261049932
-0.19019349098527122;0.7633646028240679;-3.53110864144814;-0.7025688567676139;-0.17655543207240698;0.33362888543337593;3.175562529964396
-0.008146319324295421;0.2462664404862376;-0.8002853271830149;-0.1712294864092574;-0.008500754362122677;0.15544237017476353;0.8075716887985763
0.02520522941366255;0.21526747498316762;-0.8068891977457447;-0.13895070729950929;0.024377317160198024;0.18526761041750497;0.7386327099540001
0.01670046592504903;0.2160754170077901;-0.903179601298956;-0.14382617150197805;0.014626390296118813;0.17795441526944555;0.851987234748921
-2.2087573427933904;2.6254715913814977;-17.51005426865511;-3.528199552467297;-1.9217169383713626;-0.1624669209727209;4.517550354808642
-1.0415950210852787;0.6708836540563534;-7.319803889018199;-1.3444537753243144;-0.9048737158592551;-0.5877393554453003;1.162009683994979
-2.2254017273411417;1.7093984103919544;-13.911758032000616;-3.20918128741646;-2.025175829169405;-1.0150367370130644;3.1185748719484057
-0.03864638613264922;0.05934128515905109;-0.2578869617650175;-0.080973070853666;-0.03238922782784699;0.005643577665558539;0.1661174817210057
-32.64996925681375;0.02026776413515329;-32.73755938889948;-32.66276851862871;-32.649281643330156;-32.6357947680316;-32.57449077305939
0.0;0.0;0.0;0.0;0.0;0.0;0.0
0.006668441482860567;0.3909588505182845;-1.6379871247843831;-0.2601148090722459;0.008588696534449948;0.28220002898906976;1.6330792981932687
-0.3911317236991921;0.9166610693677255;-6.493051647020516;-0.8855552709359171;-0.3612012507222394;0.20447664060282045;3.0206219902225033
-0.12371262590012878;0.6018654097155093;-2.645896234260794;-0.5187076829352274;-0.12541523846850164;0.27883582030745657;2.5119576301060387
0.017039916089743725;0.2261357097829682;-0.7920245024243573;-0.13882119559697845;0.01983159944437113;0.16980807024242772;0.8887035501008811
0.015315801888616325;0.5259409320448679;-1.5182287698058963;-0.41585196494440646;0.008612318789986714;0.39985765810652607;1.7052391204173694
0.002908812260410584;0.2126379361246882;-0.8007948684556954;-0.16332802445970732;0.013407524438108913;0.16820348840536636;0.7739798198362873
-0.2089013353253766;0.770086819341287;-3.2717547993385017;-0.7269213301569115;-0.19969028204904932;0.31536453039140283;2.861415623242458
-0.13600852424567178;0.8093020837582159;-3.637041900177965;-0.6696930182056816;-0.1010627650792041;0.42495066064324166;3.0696292707209514
-0.04779431993263085;0.03237622620398645;-0.1742147888063723;-0.07066740780409156;-0.047602351001086084;-0.025457443051520767;0.06821367787066408
-1.478641516350716;1.2674378734542218;-8.869633439766808;-2.283832658600407;-1.3676671114831216;-0.5693511256738297;2.2467942245878776
-0.006740400685914752;0.2419724479162445;-0.7380732762053736;-0.19371358444455883;-0.017164494287826713;0.18022719541518428;0.8177655737546118
0.0055737860683002845;0.16436046546161262;-0.8478270441286072;-0.10183740202243051;0.004907826591114256;0.11410696824340645;0.8134722574771881
-7.351394821514189;4.388470862280065;-30.797361307005232;-10.16450559573715;-6.920527521605921;-4.124174795164811;7.373375677613405
-3.5457558333732044;3.257862290414925;-16.713481385141474;-5.91579644892648;-3.011700236539095;-1.106957454090255;2.9680524070240355
0.04690363702790146;0.49449465455678715;-0.9727292076228821;-0.38860592543690886;0.012143935169903402;0.4444680272184645;1.6673622988277372
-0.036731794260816006;0.05512014524348809;-0.2159281889431094;-0.08391754564381627;-0.038032806007024945;0.00932417179527063;0.1322560157276545
0.04202835737865142;0.10045744719087117;-0.2546521199452613;-0.027879802202777682;0.03435189882628197;0.1003175016448669;0.4134674199308286
-32.65556260774418;0.0197067943489703;-32.73878547547597;-32.66889892583022;-32.655412037691185;-32.64192516239263;-32.5757168467954
-0.04987119463220476;0.7261048318902071;-3.948346492808229;-0.5337261417836754;-0.03680869943335692;0.44783917643917587;2.7839646338095614
-2.5261335083754193;2.9562078594490777;-23.833207978600534;-3.460570984179605;-1.8138504161792783;-0.6967840011492522;4.6157331741859915
-22.161319681931;2.9629873210702816e-11;-22.16131968196063;-22.16131968196063;-22.16131968196063;-22.16131968196063;-22.16131968196063
-0.024074073998708354;0.30179173542781373;-1.288563145323015;-0.23785085602070544;-0.004904140858222339;0.19371358418774914;1.1022057733214332
7.000362616533968;0.5679122312287571;5.956820775720826;6.540432420553303;7.003339737989725;7.509800163249464;7.970218731667412
-0.005889377933818948;0.04452791740263156;-0.15090435931819576;-0.03925967071692898;-0.007851933629766383;0.02650027773392706;0.18721955473135507
0.0012777387535044767;0.23781118942671362;-0.9354649662935991;-0.17041891279990565;-0.014712423858715545;0.1606106299278173;1.0862673138629475
-0.28006327547429155;0.6089699763383748;-5.771439382424818;-0.6768674737080661;-0.24087810443105212;0.21919907503225738;1.535597915747957
-0.0035260896130732545;0.5198680716598624;-1.0504503921966444;-0.49182937438108776;-0.024287870339806804;0.4942581614150685;1.1293859708010163
-0.0002587112872064168;0.08800247673587692;-0.3071756755254451;-0.05376818895360454;0.006721023683402993;0.05799994511973695;0.29921001731297775
-7.631027873913598;4.6448901061836345;-34.32183488449977;-10.460362294897694;-7.058778315882185;-4.236925998459691;6.735578681499845
-2.6338035986093686;0.8171398543315977;-6.848387948313473;-3.079509331777295;-2.4831987764995835;-2.050965458463971;-0.47019148486985957
0.04084375052426962;0.1910897606952782;-0.6264970505034697;-0.107260195761681;0.03169051230825743;0.19258080556556437;0.6959724049236535
-32.63639982106239;0.023130638683170435;-32.76575923891356;-32.651733803642664;-32.6357947680316;-32.62108180615656;-32.54138661526077
0.00017123845547108204;0.042240021701037946;-0.16279812973382524;-0.02862658171321071;0.00024892680308899977;0.028875509158323973;0.16105564159858285
-0.039840880525866026;0.28217223262961283;-1.0691028188046918;-0.24030292773386516;-0.06375383757713304;0.15570648855597555;1.227261378303398
-0.0041933350639959295;0.18483982201228352;-0.720134955208941;-0.1301448719957098;0.0012394749652731955;0.1264264464578659;0.7077402051709946
0.03687748285810033;0.3059998736901666;-1.5803595572044087;-0.1642887354430792;0.03923313097473399;0.24030292722024574;1.3805157961734524
-0.00450428303429091;0.33066228371909795;-1.3376045590414325;-0.23294671516248308;0.0;0.22681653844768096;1.3241181703972724
0.017537521718026982;0.1307617327609572;-0.4635636372689848;-0.07932639803429421;0.012394749652731952;0.11155274687458758;0.47595838666490703
-0.9407559449543578;0.6355455420984844;-4.891029909958893;-1.3308515269815628;-0.915336796837998;-0.49982206669443313;1.0767251268068028
-0.32903461469273027;0.4839982795093727;-6.966898712754781;-0.38568947243776347;-0.2510042600646482;-0.11999228037103968;1.3603206449684642
-32.6796549181132;0.019038080902120558;-32.76575923891356;-32.692194442378806;-32.678707554239764;-32.66644676551772;-32.603916683969
-1.016021527353311;0.7403444155409034;-7.333272916042225;-1.3309847483002883;-0.8412019520958713;-0.5252920488008322;1.5844473457212882
-9.232415082505542;5.368903494313432;-32.514128948693866;-12.49787177355472;-8.598584935658284;-5.271963609493585;6.48488390846099
-1.4426662491740834;1.481222679370279;-10.430021921864553;-2.213669779464559;-1.2453398004221585;-0.46369035102977524;4.457449322496618
-32.73541640936135;0.018927224851136615;-32.81357634574674;-32.74736803014951;-32.73510724142746;-32.72284643986491;-32.66522067894122
-0.0053976088769799035;0.23599892406356304;-1.0862825534644855;-0.15899920282805843;-0.0025439877588683455;0.15009524746968717;1.063386668514055
-0.02350522627298112;0.6939452527416561;-2.69194288471255;-0.49569048518892045;-0.023312175794173308;0.4441583064958402;3.1888603275764877
-0.027218862634579632;0.30363266459633015;-1.5570648855597555;-0.24398103337753188;-0.04168520114703546;0.18022719541518428;2.0315405632854446
-0.003146375918397221;0.6494562221296399;-2.3204047480167533;-0.4859808453643689;0.009842650045699104;0.4810595209835435;2.2096749352594482
0.03334574210348777;0.6184359677320076;-2.7802837643798455;-0.37912960364995685;0.029446959546685542;0.4441583064958402;2.6158715730638984
-0.011856756750314227;0.6774097766009205;-2.304410441820897;-0.5105874704786166;-0.02706728711205312;0.4724472021935569;2.6968861125215544
-32.661417259004445;0.0200057802322088;-32.760854918288544;-32.67502932019125;-32.6603163583162;-32.64805555675366;-32.58184725399692
-0.011569690844674494;0.3151277981268422;-1.1831241053147976;-0.22559050259110108;-0.003678105643666754;0.20842600830327435;1.194158424043466
0.02574116139811241;0.2107180072709571;-0.6642818926153962;-0.14260730513034872;0.056067829468455455;0.17795441526944555;0.7983571369964853
-0.016449590637017408;0.22267017912317874;-0.8666136255586591;-0.19258080582237408;0.012188658580099012;0.15357709810924752;0.8605192957549903
0.0052729438411119375;0.18171712939405993;-0.5874933433039626;-0.15357709862286695;-0.002437731459210097;0.17429781769541586;0.4412294405995842
0.029827186322303825;0.2780411600666224;-0.9481983490760186;-0.17104754572132036;0.024789499305463904;0.22558444367972158;0.9097746245105253
0.0337678855535256;0.2966496549742093;-0.9506772984929458;-0.18716072014146704;0.0272684492360103;0.25037394298518545;1.0324826460725718
-2.2104473920982244;1.8282944912269778;-12.766933722334969;-3.2679530167088107;-1.9982387869515916;-0.9207570879666692;3.374476775457324
-9.277146014879065;5.316381779065947;-32.40475721345648;-12.79802960897662;-8.784148223673292;-5.206832123956118;4.500216955236715
0.0007896543795660551;0.046871642543392183;-0.5511076274320807;-0.02748176898823087;0.002453729419808061;0.03140773657354318;0.6627523162901572
0.014743849171881407;0.5378876124587031;-2.2809124077067318;-0.35704438501718155;0.01840434971667846;0.3889452573458048;2.4845872117515926
-1.261038061988634;1.2608197400269696;-10.305969698339371;-1.87282726195143;-1.0622724407977495;-0.4215366827543412;4.184052673967376
-0.6923236269418532;0.48516580764666845;-5.817395162046367;-0.8892618888771262;-0.6146774094933528;-0.39182623696353347;1.368942915391345
0.005971787938357368;0.03953430154895948;-0.13495511808944335;-0.021347445438710717;0.005643577665558539;0.03312534716740882;0.15188585108611896
0.03177790007093994;0.1878722521039562;-0.5411764404427767;-0.13651297584029923;0.03412824402427723;0.20111286657163366;0.688659209775594
-3.2313915687779273;1.7539258576837466;-10.663407238470747;-4.43510445461353;-3.368763730766455;-2.085396299052835;2.4200296586682897
-2.320796538633;1.6895730115882712;-13.742789303062334;-3.3206026902512686;-2.132923999324707;-1.1276825507410422;3.124696927056274
-32.72201841327336;0.018436750993581188;-32.80376770449671;-32.733881154850955;-32.721620353288415;-32.709359551725875;-32.64560339644115
0.0033560237123080746;0.10671845646793172;-0.3358977159742505;-0.07808692268380645;0.003718424895819586;0.08428429763857728;0.4362951877761648
-2.8402292314564974;2.707765659684215;-21.04607198170782;-4.227402055165019;-2.2120127032840213;-0.9573099420150689;3.7075790698932733
-0.004229961618376082;0.27560303235144656;-1.0335477937304343;-0.19861772530278116;0.014712424115525249;0.19371358418774914;1.0433560768593324
0.009795200780547365;0.04709428159270408;-0.19580760821430268;-0.017421478623827525;0.0120232741570595;0.03999578954287139;0.18378433354362375
-0.0016502429868847973;0.3032557690914509;-1.1403155119403101;-0.18701660110289298;-0.0072863616155614515;0.17851584699758002;1.2386813873301472
0.010843997989522321;0.2013544764551453;-0.5375198438959858;-0.16820348866217605;-0.017064121498519203;0.209644927577703;0.49851613592604954
-2.9693581082902583;2.167190829476434;-16.17394571474699;-4.301736086650849;-2.8225596419738377;-1.4694769270069978;3.588821537904879
-14.447014861883556;0.23599664115485616;-14.872527632187746;-14.689416855030494;-14.40430478118087;-14.235941172951424;-14.06634864039824
-0.010423228105717532;0.13632931135525767;-0.631484628834977;-0.10079466216700794;-0.0072863616155614515;0.08257875915534314;0.6351278093859479
0.024324626605292183;0.22486636886108172;-0.6898780761472234;-0.14748276933281743;0.05119236603641585;0.18770534213352477;0.7045044659297227
-0.0013695349915040533;0.0784241670090794;-0.36393098637292737;-0.05102999527526922;0.0034849752432459967;0.05327033586104595;0.2272701712202568
-32.6971563506207;0.018686903081310824;-32.789054755462146;-32.709359551725875;-32.69709876300382;-32.68483796144128;-32.62721220051758
-32.62979854619856;0.022162753902417943;-32.770663546698096;-32.64437732270514;-32.62966436083009;-32.61495139895504;-32.53648229463576
-0.005585953225394908;0.2610649117202142;-0.8804352998179966;-0.18701660110289298;-0.0072863616155614515;0.1724438794126283;0.9642284524903303
0.03460232879266646;0.45116768238559807;-1.016447373464105;-0.35824608751215037;0.03764619902670055;0.4359672725995322;1.0868821977063545
-0.0032478362687163678;0.29780903565827943;-1.0531643597314204;-0.2121041139469411;-0.014712423858715545;0.20106979624551174;1.2910152161373405
-0.0037891005838791665;0.41850556175160386;-1.0922084309963742;-0.3579813590794832;0.0450520757702004;0.3202350250692624;1.194488819745043
-12.163647185280192;0.33441151089912224;-12.780886414485758;-12.426954175315384;-12.222951565238017;-11.80880168879526;-11.520002812441298
-13.352138481561532;9.206932425124263e-12;-13.352138481552325;-13.352138481552325;-13.352138481552325;-13.352138481552325;-13.352138481552325
-0.039420820518755034;0.037610655912600134;-0.1810852316954543;-0.0652692023100847;-0.03656056861194981;-0.013004766438602133;0.0929963450107255
-13.352138481561532;9.206932425124263e-12;-13.352138481552325;-13.352138481552325;-13.352138481552325;-13.352138481552325;-13.352138481552325
-0.01153049250555488;0.41799992640452277;-0.8925792349878999;-0.38739153140629917;-0.057076495041736286;0.37160441619904416;1.0395208505437312
-0.008541419969600145;0.49454190624117506;-1.8763580743885637;-0.3445874989721793;0.0060881183473243785;0.34215225111963005;1.8142592675026652
0.015812219725645407;0.5177208788071888;-1.444408894463153;-0.4170822953012849;0.023376293858535367;0.4170822956864994;1.6486438826545995
-0.0005808021642156674;0.20784228695971255;-0.7362481296290877;-0.14625804641585644;-0.0012394753504877535;0.14377909597169067;0.7994613526012109
-0.055175608482778346;0.031091579858070276;-0.1904094027202958;-0.07582023932887878;-0.05569965731602356;-0.03557907658721688;0.11925124980267175
-0.771534943043269;1.3555741342881635;-6.926668056098167;-1.850182995555015;-0.5625720248607649;0.2958352889354022;2.7498132594487386
-32.70724285332461;0.018160148586710525;-32.78415043483713;-32.71916819297591;-32.70690739141337;-32.694646602691314;-32.6357947680316
-0.0028341677939605577;0.10789699828575;-0.3920597155071989;-0.07044628565940149;-0.009210291329078435;0.05327033586104595;0.6248062757533893
0.03869334603554552;0.17787620740587765;-1.5481042312410063;-0.0768474473333187;0.03966319888874226;0.1561738456244226;1.655938553604989
-0.05974241599854525;1.0029495353628077;-3.71862268680254;-0.7890201383268589;-0.17412018524709663;0.6282938134438759;3.5420672544733236
-0.044896181040654716;0.3868974180195215;-1.571777309418471;-0.3114129765983317;-0.05026744893297309;0.215782220361037;1.515379683899101
0.0006979957707422425;0.07286529612971378;-0.5588406722927802;-0.04412227549441186;0.000995707212355999;0.04505575135910896;0.6808148064484144
0.029237510443059986;0.16574154184333792;-0.7619241796952463;-0.08267958547059039;0.02798385969773828;0.13991929848869142;0.7682841480651784
-1.4709338634739406;2.324772773880421;-19.269088434928264;-1.6356605046123118;-0.8442515147015203;-0.2691282121044844;2.204639327606408
-13.352138481561532;9.206932425124263e-12;-13.352138481552325;-13.352138481552325;-13.352138481552325;-13.352138481552325;-13.352138481552325
-32.763225054932725;0.018019990878212124;-32.852810910746875;-32.77556786732311;-32.76330707860105;-32.75104627703852;-32.692194442378806
-0.39388971802472994;0.24445712921141366;-1.6101609418799958;-0.5510056457299689;-0.3844794955340866;-0.2228511725298193;0.5093741080525934
-1.1772432775068955;0.5936580255790944;-3.703500855627426;-1.575342802722271;-1.1538061199679297;-0.7587660289578141;1.040593411142145
3.632054965815293;0.16470423525805697;3.3205726049942808;3.498767655965477;3.630263314268359;3.765445766729266;3.943640817700462
0.006082680497175713;0.49530064520973555;-1.055307965750986;-0.4553975688713776;0.0;0.45418317535438724;1.2981866696626738
-2.195418045739707;1.6580991916176497;-12.632248509961855;-3.163878079233016;-2.0141561311308847;-1.0272808472288024;2.6153419420815838
0.0029778192841037067;0.04540248087021445;-0.16080671428187443;-0.027630875271283828;0.001991414424711998;0.03186263079539197;0.28029158027821377
-0.028083887396303915;0.7654383178313824;-3.4133933938631555;-0.5386339678611701;-0.011042609316387666;0.4944635290547613;2.9778237841585753
0.05831073087517035;0.13142223792722957;-0.3582056695166658;-0.030369070233667677;0.05376818946722394;0.14313291177617488;0.5478878935988886
-0.42091560030154923;0.3293262640034271;-4.430085391412141;-0.5828415269696365;-0.3697860113911444;-0.20081094695743035;1.2403749313876857
-0.005603093021417742;0.20464249390575606;-0.7240063191442618;-0.17186008649301546;0.03169051230825743;0.14870163467720793;0.6362479778811685
-0.0019777287044005;0.40622466325715656;-1.5619158128789217;-0.2687035053498861;0.0;0.26870350586350555;2.6698576655661554
-0.06416266340747451;1.1230924160394997;-4.105827012921941;-0.8949533970566836;-0.12906810870646712;0.7926730088216342;3.556678738506902
-6.614462245983734;3.4259817459429724;-18.312689363552995;-8.561339893422577;-6.41380605929622;-4.305373405777104;2.5594602251747296
-0.01730034596051046;0.04744474162903994;-0.21224759481339728;-0.04662085897635316;-0.014231631148506165;0.014477003576867558;0.16832583819883298
0.022103509412584776;0.21279556651308795;-0.7240063191442618;-0.1304186465502497;0.026815048876217825;0.17064122012138616;0.7776364174103169
0.010434931358102938;0.0910163577664493;-0.3034417728370859;-0.05078106834377536;0.01194848654827199;0.06845487084947494;0.3845919107725047
0.024085455921132058;0.2099758559640163;-0.6399045754551981;-0.14870163442039822;0.06581875633253466;0.18282987870148518;0.7142553927938019
0.012221700591687933;0.5158040698223102;-2.1529180627521476;-0.24888517423575424;0.009808282743683498;0.26850174010833583;2.201959475956946
-0.01592797957004642;0.23277255004249575;-0.8911824996462129;-0.1747659704887351;-0.018592123837073666;0.14130014604114427;0.919690424232711
0.005569804797315491;0.5437429761208412;-1.0820246241520126;-0.5051877035816009;-0.020644689532026077;0.5161172447208946;1.216822304024321
-1.4303293532683725;1.6241515850517523;-12.671146102107041;-2.2648552293587985;-1.301400806970361;-0.3907889106567008;3.690374526645509
-0.01441460564671792;0.14111689493486823;-0.4920715613418634;-0.1152711716420023;-0.013634225003219706;0.08552377260385048;0.4251399130887059
0.021312436901310728;0.2116404449519331;-0.6069951975457405;-0.15967142791291647;0.07313195148059407;0.1864864762755149;0.6057763314309208
-9.8619996771342;0.3022225803747419;-10.414170268323854;-10.115520386106809;-9.870378607530176;-9.611548709865545;-9.33280881928268
-0.0009932161221875193;0.5613566638692724;-1.8565698644847783;-0.46998653916851274;0.02091563134711059;0.4613742208921454;1.7470703831115908
-0.0005162358371815687;0.3841980815870107;-0.9557276976145881;-0.33760139798012434;0.00971514813592272;0.3254574625534112;0.9059375636747938
-0.04513550941844236;0.6203172040186761;-2.1937984864848823;-0.48587483303393075;-0.029446959033066128;0.40121482382359036;2.131223697191366
-0.021690532628621452;0.7954091661092596;-2.729978541307305;-0.6245209332056696;-0.0711634858279664;0.5594922313870252;2.628141139541684
-15.30710347466325;0.2520728807534602;-15.75858716727791;-15.50419836844813;-15.329690112919007;-15.08390383571736;-14.854093664607744
-8.345593183730593;5.551440515676524;-30.699049633871812;-12.4576254309613;-8.532224555330194;-3.0820710329855934;5.0679668824129465
-13.352138481561532;9.206932425124263e-12;-13.352138481552325;-13.352138481552325;-13.352138481552325;-13.352138481552325;-13.352138481552325
-32.643402804723685;0.02153932234906113;-32.74246370952449;-32.65786419800369;-32.64315124896913;-32.628438287094085;-32.56345604523286
0.003478172693246138;0.054378513632595014;-0.24544182733213435;-0.030120143302173826;0.003733902046334996;0.03684116685717196;0.25987958242491577
-0.6377212752665309;0.41113671940380203;-3.778674272203456;-0.8363041249042563;-0.5724336427429;-0.3648881829154808;0.9109960009402153
-22.161319681931;2.9629873210702816e-11;-22.16131968196063;-22.16131968196063;-22.16131968196063;-22.16131968196063;-22.16131968196063
-0.20172588087196708;0.7894433275933536;-3.8189379764170095;-0.7248513245148651;-0.17998842055655953;0.3391618529759357;3.0083778800067655
-0.04787861154729451;1.0419344576219096;-3.5177147813408354;-0.8060668686721283;-0.10715088342652848;0.6843045022392601;4.058339690326432
0.030084002467484196;0.7364591519028797;-2.744702020823838;-0.4686974391946017;0.025766089603349845;0.5239104886014468;2.9802776974541323
-32.7397294008455;0.01856885017139145;-32.81602850605925;-32.752272350774525;-32.73878547547597;-32.72652467391343;-32.667672839253726
-0.0006470962536066448;0.08023184712693113;-0.2967207495388975;-0.05775101857345766;0.008712438108114992;0.05874672552900396;0.26485811848669577
-0.37253484134103576;0.22080325652198207;-1.7093419582397953;-0.5130474788957218;-0.3636637257965649;-0.22040225829198754;0.4469268015365303
0.008176836267653524;0.08214147159169301;-0.2792958733226674;-0.051590079587081866;0.011699559745182988;0.06870379765256394;0.2810383606874807
0.01880174044542329;0.6083104191244604;-1.8012049586197454;-0.5191997893970082;0.10949948175840253;0.5007448210749418;1.758143364413002
-0.04797515866659347;0.02513930571437987;-0.13961720424388835;-0.0647784569397425;-0.047602351001086084;-0.03067161774760076;0.04269489190466026
0.030166873664975547;0.13042007790985688;-0.449810732796608;-0.060738140467335354;0.030866923583035975;0.11873808507345288;0.5264801885332345
-0.004619399559165697;0.2523133457718964;-0.9642284519767108;-0.1663719115708669;-0.009715148392732428;0.15544237017476353;0.9909451098641177
-11.018208985595173;0.37058124450118524;-11.677306029850355;-11.330747378996028;-11.029659190066033;-10.705221304159856;-10.3095053978652
-0.02445722999663136;0.35740513578579336;-1.6024281936345062;-0.2648236345930739;-0.023294671644653164;0.21946032638991828;1.5631950622745576
0.028328317337211688;0.14178958933778948;-0.5627216344908404;-0.06817112373205;0.026028974270737103;0.12022907163149996;0.6891480806918967
-13.352138481561532;9.206932425124263e-12;-13.352138481552325;-13.352138481552325;-13.352138481552325;-13.352138481552325;-13.352138481552325
-2.6606057710394437;1.3071384113294748;-9.17818501823064;-3.522936612176258;-2.5577946241960214;-1.732541596168916;1.6798919215992196
-0.013713716819533716;0.446459341401456;-2.468636775073661;-0.29569655262825334;-0.008588696277640242;0.26993046251128405;3.5422238421367145
0.00022686863147214755;0.5152608052676872;-1.0650231141437188;-0.48818619357330706;-0.008500754362122677;0.49304376789807813;1.0553079662646057
-1.9107398433938092;0.9464062960514166;-5.582299419611437;-2.5603395672869937;-2.0815768838687716;-1.3640450879429202;0.2693805379124293
0.009307319190702452;0.11117821959316067;-1.054793195832704;-0.05825532349624503;0.009915799722185564;0.0768474478469381;1.3683803616616077
-8.573009599311417;4.694259482953004;-29.742968582795225;-11.59340435761443;-8.233602840001636;-5.128182784165338;3.9361537158992896
0.01847771915987165;0.15641177607600174;-0.6953454559034771;-0.08676324756912368;0.01859212447909793;0.12394749652731953;0.7858271279832058
-3.008255005435046;2.3505159063177583;-18.310264476431197;-4.349021235292162;-2.7740620536237715;-1.4064300621519121;4.733364622966435
-0.05180221753465268;1.1388437680695818;-3.6601767501546068;-0.9680108172245763;-0.0754926669932029;0.8888652787093592;3.8659551505509806
0.01720459438469574;0.13539553920725111;-0.6755138554318673;-0.07932639803429421;0.01363422461800515;0.11155274687458758;0.6817112309002574
-0.9585998068851551;1.347865676459009;-7.989977680673364;-1.97142696643018;-1.2021339712272594;0.08244590019511208;3.0541356263454023
0.06569737334799829;0.1830033210507995;-0.7301243391296346;-0.054695725259232685;0.06614366837647231;0.1882550561484212;0.7924520268950432
-0.00802098060720533;0.08048182659841739;-0.38795566400210524;-0.06073427291317201;-0.00867632488531722;0.04462109874983503;0.32474244090157717
-0.5974172889103808;0.46003822047003473;-5.034967145238214;-0.6844714575672676;-0.48243605477497;-0.3281544732001496;0.34774578530513595
-0.010277714351623455;0.19375704817182274;-0.8197156239684797;-0.1360120736461084;-0.0072863616155614515;0.11901056466505333;0.8913648414709096
-32.622455836295686;0.03478774419003394;-32.782924348260636;-32.64560339644115;-32.62108180615656;-32.597786289607974;-32.51196069151067
0.0029328364562948286;0.18841637152232868;-0.5923688075064313;-0.15845256154128717;0.001218865858009901;0.17307895183740596;0.4936406724940099
0.0008946810597128806;0.1477811856024932;-0.6232768750859891;-0.10048749593052322;0.0012719936226244675;0.10303148343258187;0.6143729197276178
0.005247590480878056;0.1953020849364675;-0.520455721113418;-0.17064122012138616;-0.009750927120888915;0.1864864762755149;0.541176440956396
-0.04283561267141442;0.5393676076405765;-2.0398892224847582;-0.46137422025012115;-0.043061593307909304;0.3764813642479906;2.2478152041865322
-13.352138481561532;9.206932425124263e-12;-13.352138481552325;-13.352138481552325;-13.352138481552325;-13.352138481552325;-13.352138481552325
-11.946503894352446;0.2193875648340089;-12.306863896360765;-12.107763974882735;-11.988304022509535;-11.840223455396629;-11.458200480803848
0.007559868949688218;0.5291100868339046;-1.345982394006162;-0.41831262694221183;-0.09596583845918566;0.4355372645221853;1.8418058898014444
-0.5558460629374206;1.5057867221219605;-14.626872648947984;-1.751975379146132;-0.4861883232094111;0.7589872576785319;4.398731263350981
-1.4620381179815811;1.381905921171969;-10.522759992327321;-2.146223910737484;-1.11285684298508;-0.5239098771375382;3.3457968705473133
-22.161319681931;2.9629873210702816e-11;-22.16131968196063;-22.16131968196063;-22.16131968196063;-22.16131968196063;-22.16131968196063
-1.315095935787626;1.3079617251764506;-11.64659763695294;-1.91865207119132;-1.077481698984922;-0.46650059909120345;2.120679889365779
-0.043779788561085414;0.02876267398088858;-0.15433958076273674;-0.06453308425457141;-0.04269489216146996;-0.02208356477827255;0.04539399426644913
-2.766839933877743;0.7268952047915415;-6.898590685052831;-3.178690346853046;-2.67911189498135;-2.2603476039697643;-0.5510056457299689
-0.0005702440150649096;0.14061919251619848;-0.642356779425356;-0.09539952169683506;-0.0012719938794341727;0.0941275280742106;0.6131009261049932
0.0015405641196747362;0.23151637279192247;-0.9326542213053911;-0.13965525445388915;0.0;0.1445128285218505;0.8998655960898422
-0.04342509827043119;0.4274325300788494;-1.8329228370838297;-0.337159718672096;-0.047815378503861916;0.24643310393504794;1.6355311475092236
-0.0016937207326490125;0.2883513620626173;-0.9894105221542876;-0.20597393787416318;0.004904141371841749;0.20597393761735347;1.0078010519134795
0.00048770043164377637;0.03524274771818445;-0.1461200330280283;-0.023399120003985387;0.0004978536061779995;0.02439482670272198;0.14114149735146286
0.0008875674694405648;0.07006833696021965;-0.31364777189213966;-0.04530467841900766;0.001991414424711998;0.04754501938999895;0.3992785921547556
0.004087029008470764;0.04425945638622972;-0.14845062989838767;-0.026500278247546468;0.00441671295565451;0.03508833070325527;0.1705341946766602
-0.10756070127150749;0.9725681172208832;-4.891194279726787;-0.7634500402408577;-0.10715088342652848;0.5552363932759834;4.617228954610809
-0.035835620563521554;0.5343499558412763;-1.88363715288088;-0.44168892041553265;-0.025836956755174702;0.36294772043515433;1.8836371524956654
0.0002708728836456714;0.2194202167925194;-0.9915799722185562;-0.1301448719957098;0.009915799722185564;0.14377909597169067;0.8899430250661542
-1.1010784167565613;1.114455263957914;-9.27260263058697;-1.4946486374810588;-0.8671611759517874;-0.39744887231123593;2.9423260456253013
-0.018074023851512022;0.2894127352503034;-1.010253122085781;-0.22926860951881636;-0.03187691943059078;0.18513133678702604;1.0041229458845982
-4.001381101805742;0.2901092081158985;-4.487214479797494;-4.247050199771429;-4.00439717047008;-3.756766643902209;-3.478026753319346
-1.5413480938571351;1.3658430588782158;-7.61000019666815;-2.671765153551904;-0.9036492587403394;-0.39917297839298027;0.5889638124358112
-0.6592335635701618;1.538851216885286;-12.988866604992603;-1.89019350594382;-0.6353184073858636;0.6425930456383737;4.3368968382046456
-0.8080521909049271;0.5919894201784986;-6.220241511796094;-1.0432373561722177;-0.6954915703534621;-0.4322333180356123;1.4179211950117865
-2.2414038780617775;2.2261078141299833;-20.07770196988449;-3.275314921146301;-1.8408861272540034;-0.7631443827613922;3.3634882049379815
-0.8376522030322922;0.47282665992800904;-3.6219437776748524;-1.1313982597458223;-0.7922236724754298;-0.5032518232284431;1.1265004312701585
0.004516953829402804;0.31358302182652825;-1.63185234154549;-0.15582349401106793;0.002453913295557128;0.16195827750677044;1.4993410235854054
-1.923807929306076;1.7344250727143937;-12.774280187693982;-2.888385600020941;-1.6309154804794588;-0.6624063625430074;2.772066552843027
0.0848077054778504;0.24349279967102702;-0.8341666515004555;-0.08552377221863593;0.0780869228122113;0.24665551808936587;1.1638669923915304
-5.782597497383887;4.3838633322275475;-29.632367948915075;-8.612102791195646;-5.040931171851841;-2.294348731298823;6.8412637328789705
-12.848171162100515;0.3436438288535955;-13.352138481552325;-13.156771692333539;-12.833234313511499;-12.52462943547736;-12.299397649818957
-0.014619915364795278;0.6013713496899382;-2.6305950523236223;-0.3963069974892859;0.03558174278557836;0.41103047700581896;1.9030097607045529
-0.020867404061337032;0.21114768922656837;-0.8068891977457447;-0.18404874507311447;-0.029252780078618215;0.15357709810924752;0.8312665151627525
0.049817990463156984;0.16632558106724626;-0.6181889008523009;-0.06232768725178919;0.0508797449049787;0.16281518369593184;0.7212203840280731
-6.546274981636078;4.432649521982473;-27.711603594783956;-9.397674524751737;-5.985952154404221;-3.09067330550831;4.4080497592665475
0.018414065148119114;0.05020202507999381;-0.3062254321056654;-0.016930733253485326;0.014477003576867558;0.05128294487398846;0.20439566067001147
0.033366889306020116;0.20339605346932887;-0.8568626984377702;-0.12066771942936079;0.025596183018207926;0.18282987870148518;0.8349231127367823
-0.048671038021376435;1.2750730383363813;-4.601399847164576;-0.9412230970099684;-0.00852336517263472;0.8900829023788241;3.907354355312786
0.009219637044647847;0.1565968953758435;-0.566772623974604;-0.1255431836318295;0.015845256154128715;0.14382617124516833;0.6191838558690297
-2.7809364182531353;1.1748249470462995;-10.522588318891405;-3.5596689428234716;-2.7120704121438877;-1.9517111678749786;1.6639745783187607
-4.301215147165254e-05;0.04887042286670714;-0.18991865734995358;-0.03435221187731285;0.002944475303769673;0.03557907658721688;0.1774046370521228
0.0005843634768451004;0.13895099990860788;-0.5711251363015761;-0.09285553393796672;0.002543987245248935;0.09794350894208399;0.49353352557829344
0.042161212999045544;0.29383956904447156;-1.068427419551875;-0.18096334467307681;0.03470529902764947;0.2578107927768246;1.0200878964198397
-0.0006689088446039799;0.04948815317145163;-0.18795567330048776;-0.03508833121687468;0.0009814917679232243;0.03435221187731285;0.1705341946766602
-0.006713141271094212;0.35993204117495553;-1.1330291516087974;-0.23316355500533567;-0.012143935169903402;0.2113044719563192;1.1160276421141226
-0.001328124315079749;0.48810991303977314;-1.0225193410490567;-0.45175438806359686;0.00485757406796136;0.4505399948034162;1.0917397717743158
-0.01337920830066889;0.16819762703905755;-1.087019544672997;-0.11031327152409982;-0.007436849534829467;0.09667904729130923;0.8130955772192161
-0.000988755589064251;0.13294475603431025;-0.5342373215022763;-0.0903115474631469;0.0;0.09158354082896165;0.508797449049787
0.0012176547816890012;0.0580089647162266;-0.3034417728370859;-0.03534760629544767;0.0004978536061779995;0.03733902046334996;0.3477507439153327
-0.988946892576095;1.9893912866394783;-15.327662792902144;-2.375169389444479;-0.9390345544281515;0.7735365341835517;3.705215749945037
-0.01954992502938398;0.16391975780987592;-1.1486102407162748;-0.11829540639045606;-0.015263923985113021;0.08522357271583933;0.9934270192697091
0.07017667901586831;0.20266944402975895;-1.0341308146800725;-0.06105569337235502;0.06995964924434571;0.20097499237466585;1.1142664134190337
6.823483423908426;0.5498531727305881;5.521588717335049;6.360948853978682;6.8537503397679895;7.281418462098858;8.106031422110389
0.0045681254589213325;0.5875580504184649;-2.1444673785782866;-0.4662955455297804;0.02706728762567253;0.4699865396821321;2.2834948106021917
-5.066229626829087;3.755616439951533;-22.691563643361086;-7.486434104926953;-4.466422317292142;-2.1431945308065825;3.7960595780246345
0.0036831502851987384;0.1487713119978336;-0.6970525046845887;-0.09794350945570342;0.00508797449049787;0.10430347705520633;0.6945085179529593
0.001041978891064848;0.18888347329523603;-0.707991420662178;-0.12872571331459548;0.00121439351699034;0.1299401063179664;0.8185012304514893
-0.005393120818161845;0.28224192846229373;-0.9120095317733651;-0.18215902754855104;-0.012143935169903402;0.16758630534466695;0.8986512025728518
-0.9424390748687437;2.172657359920648;-14.366198111566378;-2.4503406513870813;-0.8644695123399252;0.906904902146233;4.210803108494475
-0.23859389861007863;0.7354105684886834;-2.2485971051206812;-0.92256313945731;-0.3047108018484712;0.47814303729563834;1.3067637165384576
-0.07529135531165375;0.5700318902304129;-2.168587755060134;-0.4419973925293693;-0.06331643029855413;0.2922296806715702;2.5996265343075096
-0.04031707739668254;0.4999185880524613;-2.0577840013956403;-0.401815810923409;-0.019481978454628304;0.30684116470514866;2.20755171273982
-0.009328425182120152;0.6434786462953529;-2.4833602545901945;-0.42207308632220664;0.04539739596780687;0.4564278729736258;2.131223697191366
-1.2805630802464496;1.6551186788675765;-16.989486460377677;-1.5385777249854735;-0.8958651447016239;-0.4092223504927585;2.080520837033249
0.017200801723488222;0.11928119070338836;-0.4226609635433742;-0.06817112373205;0.014253962100641747;0.10039747218712881;0.5342137100327472
-2.10087329716549;2.6221926528401136;-17.81801395724613;-3.408168021300883;-1.9289915766238726;-0.10063249582638682;3.9525534505303734
-0.016966281932600667;0.11504773832265543;-0.5664400592582551;-0.09420009710395316;-0.01735264977063444;0.05825532336784019;0.43257676288034513
-2.170881438748707;1.324978003351533;-9.511224815841897;-3.037763744396132;-2.0661935992267577;-1.226859843360113;1.7166242522464328
0.014118752057098132;0.6895474031161457;-1.7925926397013536;-0.4478405773361188;0.033218943904234466;0.4921325022849551;1.8947101337970773
-13.352138481561532;9.206932425124263e-12;-13.352138481552325;-13.352138481552325;-13.352138481552325;-13.352138481552325;-13.352138481552325
0.0006278027879940224;0.06473435962947467;-0.20387105160148594;-0.04306433731961152;0.000995707212355999;0.04281541013130796;0.29497826166046476
-0.5776616000925953;0.3136635708369342;-2.5089123734287204;-0.7579388769979301;-0.5448833601353894;-0.3624392686776491;0.4983539951379941
-0.38411918611430895;0.684880384694225;-7.174554340735696;-0.7973065259235921;-0.36011276663804226;0.06262830715207354;4.498398600249898
-1.1898773779547114;1.4043570508052812;-11.797038366153537;-2.1120699726453718;-1.3530827149668396;-0.21096450932278682;3.140218845666769
-0.050823477650039264;0.028901510822832453;-0.19335387879449456;-0.0687044237546257;-0.04981070773572305;-0.03140773708716259;0.04981070722210364
-32.759713964376274;0.017882213219673374;-32.85648914479539;-32.77188963327459;-32.75962883171205;-32.74736803014951;-32.69096835580231
0.03949780353304903;0.1533841602484586;-0.6143729192139984;-0.06359968113122337;0.03943180230135849;0.14246328573394035;0.6817885817267146
-0.004553264126919365;0.36915841570448304;-1.2192510905446823;-0.2756673280999975;-0.0036431808077807258;0.2720241478058362;1.8604508680292013
-0.555164736547715;1.9198084526566297;-16.54616470019755;-2.0672097034215606;-0.4134419406843121;1.1918282337028705;3.7840243310138946
-0.5522871519159834;0.8968826942131899;-9.670398248646487;-0.930552376396069;-0.43956355687339016;0.004897644086295101;2.256589512760468
-0.0021756597943368896;0.13871028312125097;-0.6474447536590442;-0.09285553393796672;-0.0012719938794341727;0.09031154720633719;0.6652526646325965
-0.16922783069850447;0.7366095683313658;-3.618777545135991;-0.6550815346857226;-0.14367959351047474;0.33728175644177055;2.79444632142189
-2.4082013049282003e-05;0.05264552328362975;-0.19237238676976168;-0.036805941297120906;0.0034352211877312845;0.03827817894900575;0.18010373941391167
-0.0015116591421719054;0.07646201469641231;-0.316066116786689;-0.05329742337834254;-0.0012394753504877535;0.050818473576201006;0.28383976704756175
0.027193246447754154;0.23793989591880563;-0.8129835270357944;-0.14016957367113864;0.02254901837318317;0.19379967142357427;0.9019607349273269
-0.025481879456102488;0.4092654229306823;-2.1431097797516543;-0.24275499816297633;0.0012260353429604373;0.21333014967511613;2.850532172383017
0.003962836912026456;0.030962637501740733;-0.10575573773691771;-0.019139089988122283;0.004171340013673703;0.027236396559869473;0.1325013886696353
0.014675052529530315;0.5652392091231941;-2.9741429137016198;-0.34600177441674534;0.01840434971667846;0.3779026475157977;2.9054333419396396
-2.2496122830797805;1.2421764079348714;-8.247632641834569;-3.0855157743659136;-2.2223060035143773;-1.3676671114831216;1.7423368836994817
-32.74391762910616;0.018314046508796183;-32.83564578855932;-32.75595059766353;-32.74368979610099;-32.73142899453845;-32.670124999566234
-1.8244305326863943;0.4887647432718982;-5.019049203976357;-2.090148082417134;-1.7717892648842632;-1.4938375284234713;-0.07714079078741021
3.2524866658736773;0.5018749810300873;2.1014726700741004;2.8203975308889246;3.2382342021317285;3.67819163832268;4.47699703922804
0.013074320158518971;0.22593107885252672;-0.8117646619482136;-0.14748276933281743;0.01096979272208911;0.17429781769541586;0.8544249664649407
-0.0064909032913981314;0.5082504195967785;-2.2166719003292803;-0.28198812888090063;-0.0012260352145555848;0.2501112099639292;2.087938189061625
0.02069616551553009;0.08561774354734833;-0.6631191057791354;-0.033465824190781125;0.022310549374917516;0.0768474478469381;0.7399665542680977
-13.352138481561532;9.206932425124263e-12;-13.352138481552325;-13.352138481552325;-13.352138481552325;-13.352138481552325;-13.352138481552325
-13.306152991475942;0.3328560563523645;-14.21013362090752;-13.553884256926969;-13.29335079795703;-13.067227425499608;-12.656764345140951
-5.049182032290233;0.7449634293015759;-6.42854008085116;-5.68995231721818;-5.049679065749907;-4.399574361909521;-3.6155161376362606
0.00024855000352535915;0.0391844630096113;-0.20934744152625367;-0.025639461103381538;0.00024892680308899977;0.026386241127433978;0.17300412814685484
0.01648533961224876;0.15886348547721263;-1.4411687739199022;-0.09158354134258107;0.01653591709411808;0.12338338139457336;1.693023511713166
-13.352138481561532;9.206932425124263e-12;-13.352138481552325;-13.352138481552325;-13.352138481552325;-13.352138481552325;-13.352138481552325
-0.4901517948574069;0.763381380338156;-3.692661340414409;-1.0755207360278378;-0.5588372027936602;0.13127856691492337;4.067226793318315
-0.010951329870406071;0.6584989252036667;-2.20475360972298;-0.5007448212033466;-0.006151655636537675;0.47490786470498175;2.4631231739362
0.04957220006347717;0.08173933337854522;-0.3953925135369348;-0.0024789494169269797;0.04957899861092781;0.10163694715240201;0.4276188630192524
-0.9662879599464111;1.3517914769849961;-10.551974184179606;-1.6786675104492412;-0.8117845069181984;-0.05999614018551984;3.2606065504509636
-0.028447129340163003;0.44545280928074216;-1.701020265728812;-0.3485447750633085;-0.00852336517263472;0.30805878837461353;1.3880909831899586
-0.003772892290439449;0.24500888921611583;-0.9072661537907238;-0.17532305365812803;-0.0024520704291111695;0.16428873595669866;0.950177390794339
0.022281554011849267;0.12655658309527562;-0.39703825156897893;-0.05955573754273955;0.023399119490365976;0.10162436736108414;0.5028321422397795
0.0056179444919963305;0.0858031736183519;-0.3743214389988856;-0.052057948027854795;0.004957899861092782;0.06197374826365976;0.35944773992922663
-1.80532551697641;1.782049485788165;-13.70605697626727;-2.72921216721635;-1.5427578871829568;-0.5852684685690742;3.067149609042307
-0.009698051309617324;0.4939059705854913;-1.987403290810464;-0.28934434145228266;0.0;0.2623715633935336;2.197055334585104
0.005161644146903685;0.6637855582518697;-2.428673899033063;-0.4859808453643689;0.017224637579973428;0.4933628335406675;2.322865410784988
-1.779761580627436;2.064653162197938;-19.12866127983856;-2.8019481669250594;-1.5119123168133055;-0.30553480660541543;4.019237634511715
0.03711909054692694;0.0870206097641661;-0.24593968119512205;-0.027133021408296123;0.040201678698873464;0.09832608722015491;0.3049353337840247
-9.683526333638001;0.44076741150302856;-10.469266478046272;-10.037911560915354;-9.725148523497268;-9.307926317626455;-8.767196507782828
-0.012796262820477378;0.03391332538650306;-0.17691389091135146;-0.034106839192141754;-0.013495511808944337;0.008097307085366602;0.14084406869698268
-22.161319681931;2.9629873210702816e-11;-22.16131968196063;-22.16131968196063;-22.16131968196063;-22.16131968196063;-22.16131968196063
0.0002439352930339112;0.05396202846715947;-0.26087528938046206;-0.03285833826455767;0.0;0.033356191613925966;0.26834309372994175
-0.005135833050781297;0.277392963428514;-1.3649783125835229;-0.17487266593298958;-0.0036431808077807258;0.15908555072573458;1.6430744284879304
0.006758331364131189;0.4446140183801027;-1.3078421246938634;-0.3777116956321079;-0.017224637836783133;0.409700308152225;1.406268625279259
-1.1563986299584492;1.4917753262894573;-7.06852350202211;-2.3400086378906813;-1.4015803033169056;0.07274638252509891;3.07474710139418
0.019590054111154984;0.03853187393491627;-0.1845204518559468;-0.005643578179177951;0.0201205812424261;0.04514862132446831;0.20562252537991552
-0.0055078677380257296;0.048746304016143854;-0.15016823997863393;-0.041468027451565935;-0.007851933629766383;0.028954007153735115;0.17789538293608442
-13.352138481561532;9.206932425124263e-12;-13.352138481552325;-13.352138481552325;-13.352138481552325;-13.352138481552325;-13.352138481552325
-18.056693935504736;0.24140038165969782;-18.491730567192153;-18.275438640686605;-18.04317060808902;-17.851457309303637;-17.616731415218087
-0.02682248292007732;0.5935704031056349;-2.348702366769733;-0.48844150864622277;0.007381987534274327;0.4256946144764861;2.4126795924519926
-1.6421409622934546;1.3386219479391372;-10.816446964069112;-2.510042594226239;-1.586836684473232;-0.7086278788963284;3.3426420888964063
-0.8835903250876097;0.5977999171184234;-3.5951057086334517;-1.2995373739191456;-0.8478909281109228;-0.4468288832059822;0.9623080272020531
4.185612107038584;0.1543057684957495;3.922748984138322;4.041955328581121;4.198029614604169;4.320922753204993;4.451189480121867
0.022054310400530092;0.18144081864799186;-0.44001057525519366;-0.14138844004276793;0.015845256154128715;0.19136193970755447;0.49973500178405944
-0.8815614618936719;0.7537157610171583;-8.034886771990267;-1.18160099648518;-0.6795736290916041;-0.3832550384151707;2.011782835409642
-4.804729170144322;3.7983487020923246;-28.355545058301992;-6.967840015344667;-3.9932973773365905;-1.84948839977672;2.5696214236482713
-0.01604289750952071;0.3820579195056691;-1.6968810441345636;-0.2637956792723912;-0.026993045994318707;0.2318948064301486;1.6551645178532828
-0.043417241594223006;1.0424121662075005;-3.7843743652104527;-0.8389427085181091;-0.18507879724504173;0.7110922229674875;3.5457201254817186
-0.7763355860899169;0.48647678327680977;-4.535388693366519;-1.0297683291481912;-0.6844714575672676;-0.4359066881083115;0.8265084685949533
-0.002727312498448693;0.144833884821843;-0.6703406396367138;-0.1017594898099574;-0.0025439877588683455;0.0941275280742106;0.7581081990841826
-0.001961756180582403;0.1089419089762696;-0.6512607352973467;-0.0737756295985997;-0.0025439877588683455;0.06995964924434571;0.5965650090108753
-0.6690494707160358;1.293208821196999;-7.320710961442453;-1.7289390246798504;-0.9487340720981648;0.33584579932420655;3.191141313434339
-0.13735613479022907;0.7837300701672761;-3.775850998753769;-0.67943400807502;-0.1619439485524479;0.39451006890661977;4.189843046628638
-0.009957611763817228;0.1663339672420457;-1.0905253785141353;-0.12143935169903403;-0.01092954113929365;0.10079466191019824;1.3540487714442293
-7.768904860541894;0.2907223762885084;-8.267624239888839;-8.016260588766016;-7.773607559464664;-7.50731141397418;-7.280835253036112
-0.01918238082006918;0.6521999299145208;-2.986412480179405;-0.39385308445053846;0.06870957227559958;0.43434265331361166;2.1226350006569157
-0.165850431189832;0.6799711240461989;-2.8845504732191003;-0.6173351999050726;-0.14367959351047474;0.3007530463578243;2.8833328492928256
-2.1600909522088787;1.3658954430202281;-9.159981999618703;-3.045648548384141;-2.304847886336883;-1.3482329561318331;2.5594602251747296
-1.0689348173336946;2.080096289138963;-24.844589340196958;-0.968370005403084;-0.5407142163583163;-0.24455029317910637;2.782220422352791
0.002110566811039828;0.6506118029084049;-2.2847251419863093;-0.46875620881163427;-0.0049213252796592565;0.46875620842641974;2.55047669309178
-0.004091291949688386;0.6441932611254988;-2.1567706911354105;-0.48228985172563654;0.004306159394993358;0.47121687093784453;2.333938392086399
-32.756201856117876;0.018632185241755615;-32.83441970198282;-32.76821138638559;-32.75595059766353;-32.74368979610099;-32.67257715987874
-0.09818363156398388;0.5413565667133254;-2.582579802678192;-0.44686788617999;-0.10288920019818684;0.25691859425708885;3.075717389068276
0.0012654280898735239;0.2434523782209524;-0.7456376189184495;-0.16515751882430568;0.00242878703398068;0.17122948589563797;0.9326542210485814
-0.05490543371634698;1.1023658927935682;-4.2702062082997;-0.8779066654273657;-0.07792791510256177;0.7914553851521693;4.618446578280274
-3.9593634680708174;4.1034715299010385;-28.024972055304307;-5.853231392463989;-2.4676230598511433;-0.9880323413138157;4.104512460538129
-0.0018734554389411844;0.29909196297275253;-1.0801371370197406;-0.20352186744505202;0.004904141371841749;0.20106979624551174;1.1818980706138618
-2.306331067263543;2.2530538251650043;-21.427029713494736;-3.319247951000706;-1.904788716716796;-0.8602271623882306;3.0673242818871764
0.0282209106566793;0.2008572442425234;-0.6508743676636678;-0.13529411075271844;0.06947535390656435;0.18282987870148518;0.5582405629685347
-0.02284939158407922;0.6899976940812519;-2.848993335885016;-0.48832874607267823;-0.025766090116969256;0.44538526314361876;3.0244481367741605
-8.795187789960272;0.2969571890460075;-9.337786317833253;-9.025448315244164;-8.802705278861044;-8.53640913337056;-8.258913618067364
0.0027091559480439185;0.16330655490478843;-0.6665246579984112;-0.10557547016421139;0.002543987245248935;0.11066344516832867;0.6970525051982082
-8.825458429292835;5.303886880763064;-32.19338710915737;-12.477287766872031;-8.360179122852546;-4.647684469045792;3.6449053766335595
-6.7853242302837;0.2748927161600321;-7.287057125582299;-7.010805985558771;-6.780596701349798;-6.546654292585873;-6.304001263284523
-0.5574085175472463;0.5099090917371522;-3.8769330913314026;-0.911723625528342;-0.552815250182884;-0.1794541883147532;1.0899734225505107
-0.5647467793871764;1.7338036817278837;-10.431831254099183;-2.1266192491503917;-0.42799121718933186;1.0572474260314375;2.455190410222088
-32.716728389355964;0.018404885749480064;-32.8013155441842;-32.72897683422594;-32.7167160326634;-32.70445524394134;-32.64560339644115
0.022210532392581302;0.16286145038018293;-0.7428442753558793;-0.08903955358371272;0.022895885207240414;0.13228733675294463;0.6741566199909678
-0.007001659390971286;0.05961733661110999;-0.2767806790679687;-0.044657874926887296;-0.013986257179286535;0.022574310662234157;0.3474480858448214
-2.9846426301916464;0.2917948670961299;-3.500425494228815;-3.226663102196523;-2.997698193267217;-2.7338907970520165;-2.4576396557444395
-32.73170861523414;0.02715065704629201;-32.867523859781436;-32.748594116726004;-32.73142899453845;-32.71426387235089;-32.62353396646907
-3.83189351582434;4.0731031809966485;-31.77310468500421;-5.511598319658044;-2.6015727178660484;-1.0322725948658764;4.062729998364986
0.02613764988987945;0.20828350439871138;-0.6520932340352971;-0.13529411075271844;0.07435081733860396;0.18404874455949508;0.5935876728508218
-0.13354515502924694;0.993972977178003;-4.4394558986121275;-0.7963258800868385;-0.08279841003723097;0.5722831246484916;3.6199951693190764
-0.005812000549104167;0.14919553843460534;-1.7413592691160864;-0.09794350945570342;-0.0038159803542539912;0.08776755996108825;1.6968394925810395
-22.161319681931;2.9629873210702816e-11;-22.16131968196063;-22.16131968196063;-22.16131968196063;-22.16131968196063;-22.16131968196063
4.804284507851362;0.6400504482073194;3.685837296362041;4.250783323555952;4.800796856639012;5.353299138740548;5.96553139728549
-32.6681059000385;0.02005497586292882;-32.76575923891356;-32.68115971455228;-32.667672839253726;-32.65418596395517;-32.58920372209395
-0.19426262405570477;0.9384922959742867;-4.335805879758937;-0.8238031176678176;-0.35047764143356136;0.3047108021052809;5.519721763037559
-13.352138481561532;9.206932425124263e-12;-13.352138481552325;-13.352138481552325;-13.352138481552325;-13.352138481552325;-13.352138481552325
-0.03691742217218139;0.8152780333567105;-4.528342426996683;-0.5528011461938633;0.013393860364113634;0.5174900595225722;3.348465091028409
-0.04213519878220392;0.043231649125870075;-0.2426738398758269;-0.07091278048926265;-0.044412502241716195;-0.016685360568314225;0.17225180527052592
-2.2640800085042727;1.8487268718807428;-12.564232155166861;-3.361030413687468;-2.046111751179744;-0.9425631904030324;2.349649049266138
-0.0033733719219867704;0.23957253074438065;-1.1312540289950264;-0.20858263012235587;-0.004907826077494845;0.20367480353124162;0.9938348847006369
0.006623490879229338;0.09077084673500482;-0.7238791431260017;-0.05078106834377536;0.005227462864868995;0.06024028634753795;0.7900936730044852
-7.703167086201156;4.874542137201664;-29.59181438358703;-10.926113858405202;-7.19887245298641;-3.9764000579148866;7.641274993900025
-13.352138481561532;9.206932425124263e-12;-13.352138481552325;-13.352138481552325;-13.352138481552325;-13.352138481552325;-13.352138481552325
-1.3072179748362218;1.3939873976843153;-11.680881145813816;-1.9296717705138893;-1.0248320254424645;-0.40528004801251477;2.184349262487615
0.0017451980524843306;0.6230319295531985;-2.9606463913464847;-0.4024417807281787;-0.008588696277640242;0.4085765637102618;3.3275064287754654
-1.5576806157218077;1.447919303774437;-10.719718493236378;-2.4402511656113193;-1.4141947292756862;-0.5286394583397689;2.758598031605715
-5.884089293288673;0.24668960885025135;-6.3201781329318525;-6.091213222718498;-5.878425182152472;-5.653193395210021;-5.464048469549082
0.01305402691117548;0.5635616274354697;-1.6634078572095288;-0.42938560785840874;-0.03321894403263932;0.4527619021021586;1.770446676970126
0.007847727209441097;0.5782019533164872;-1.5157681065240425;-0.5376547588747183;0.08427769101629856;0.5155087961434904;1.9525357028155592
7.63558932678082;0.6744213253082972;4.732614767517756;7.533349396230548;7.890968429558948;8.055645235284052;8.635700849479946
-19.956518627228085;0.26094207562026167;-20.43098429559721;-20.213463431927437;-19.932038143889525;-19.7169751545482;-19.49208071925501
0.004221574148298687;0.7881647959156775;-1.4677851879364736;-0.8021759782108575;-0.003075827818268838;0.7271257721260211;1.6129642762389405
-1.3309633952618243;1.0689716735462165;-11.219819989435065;-1.7020208862244517;-1.1367287509407575;-0.6611460188358588;0.942563190788247
-0.0021820757603652663;0.6991594373503323;-1.48377949413233;-0.6496149035297601;0.06889855031989371;0.5462670775363001;1.8860978150070904
8.86666035587736;0.5050190771493666;7.962752484611984;8.436859172631545;8.862435254790835;9.297966333024027;9.717320542637127
-7.650798013077317;0.7245547171822887;-8.928186519991932;-8.296515787583694;-7.684507957351588;-7.020885008907136;-6.134825478953164
0.02394827399723419;0.23060280802439218;-0.8410174420268317;-0.14382617150197805;0.019501853728158415;0.1889242079915347;0.9836247474139902
0.00367190127238168;0.049106424128117575;-0.20461783239596754;-0.027879802202777682;0.0024892680308899974;0.03260941120465897;0.2633645576681617
-1.741939965133509;1.6880891825241877;-9.94103937038314;-2.7390851453968157;-1.5175320579156282;-0.5781074506345251;5.625708128987221
-2.303703054349742;2.4286928918696216;-19.52149174804219;-3.362095312368321;-1.9447532928376443;-0.6122820529195825;3.1644676398418023
-2.0268327151962198;0.576086979471547;-5.442711323463607;-2.386466674377616;-1.9958648945329984;-1.6358745388091327;0.2693805379124293
0.0030697611706852887;0.15843753731657573;-0.7275803526548149;-0.10303148368939155;0.002543987245248935;0.10939145154570422;0.7466602564805623
0.01784305310006829;0.23879232650407944;-1.171303842825194;-0.14873699583278344;0.011155274687458758;0.18716071975625248;0.9469588734687212
-0.047581236054214965;0.03138931720453592;-0.19777059097972002;-0.06944054309418753;-0.04735697831591498;-0.02576415890798464;0.08808888617110938
-0.3931841007706109;0.21971032160184498;-1.7154642438343748;-0.5314143343954117;-0.3832550384151707;-0.2448913981022084;0.3575414412292243
-0.028676695284395762;0.37931310005712837;-1.666182031211639;-0.28566623452456735;-0.02697277728831992;0.22804257379064136;1.532544178700547
-0.7973164094996544;0.4624240129369758;-4.825584999732421;-1.059155296150027;-0.7224296244015147;-0.46651811351311184;0.6575334039044295
-0.29426455018221703;0.6151663280029217;-4.906214963831332;-0.6048590441438255;-0.3073271662866127;0.05999614005711499;1.930896181021844
-1.5932902507441729;1.1793893697780775;-6.8199693901659275;-2.366786504316893;-1.510923200108419;-0.7297489693715895;2.3827038479825666
0.014581187297587494;0.06808355018049377;-0.24818002229451822;-0.03061799716516153;0.011201706139004989;0.05327033586104595;0.40251464059491265
-1.0757965072134563;0.6268519733828072;-4.133468272293664;-1.474173999631658;-1.0068704760081784;-0.6274874615292714;0.8262118981985086
-0.009841909103494924;0.5724674343970212;-1.34721272436304;-0.573334364905163;0.12057246305981398;0.4896718397735303;1.1749663492053302
3.027375099021342;0.18535282479203635;2.6987333236741087;2.8646390607852217;3.019484415422261;3.1792454956033325;3.382019174294693
-3.0399845565606567;2.14103772807034;-15.993292195574897;-4.340534157330901;-2.897730903916439;-1.5470730683671035;4.37690734859345
-16.207390965084823;0.24895225226722223;-16.669225317247754;-16.43572836032643;-16.20223139056462;-16.00437344447956;-15.729092803741322
-0.021512020820341794;0.6347605047541605;-2.732432454346053;-0.4441583062390305;-0.02208521991682386;0.39630699723247625;3.0538950963208458
0.02114562711332761;0.47572737607704496;-1.182819285034972;-0.35338851395780846;0.012143935169903402;0.3801051708179765;1.3795510353010263
-32.7523872389766;0.021491386194352563;-32.86629778604542;-32.766985312649574;-32.752272350774525;-32.73755938889948;-32.64437732270514
-0.8188376918214274;0.8111521325352229;-8.288615573729311;-1.252566143041471;-0.7888757920116956;-0.31314153576036774;3.332548574803606
0.003385189633404693;0.22649778438996576;-0.7288817833467306;-0.16576575720296596;-0.0036565978308394083;0.17064122012138616;0.8544249664649407
-0.014776320386435986;0.6510048373016257;-2.9532846509461943;-0.42820786956109946;0.004907826591114256;0.4122574336535975;2.6379567927239123
0.016449893366501198;0.5372927441171407;-1.721233426356416;-0.4232339522218711;0.012303312557123879;0.4170822956864994;2.365927004734922
10.489093947642347;0.4304854788230545;9.714831793618654;10.111787262065477;10.512475854040014;10.857167593098856;11.199370583139219
-1.2779346573538346;1.2357165048251264;-10.611884890196382;-1.852352622817981;-1.0574548781955089;-0.4757342562513278;3.171160244834801
-32.67365484949751;0.01978563120284268;-32.75717667139954;-32.68729012175379;-32.673803246455236;-32.6603163583162;-32.597786289607974
-0.6656266716681021;0.8014236667651988;-6.895135739338866;-1.1236963569140483;-0.6575972245831528;-0.09273807046276475;2.8387484607199487
-32.711821854704404;0.017922511299951246;-32.800089470448185;-32.72407251360093;-32.71181171203838;-32.69955092331633;-32.64560339644115
0.02739787600255989;0.44977417831106103;-0.9897307163471274;-0.3655324491277118;-0.008500754362122677;0.4177513698446771;1.2071071558883983
-0.00738412910574811;0.2764237547477879;-0.8631288809305285;-0.20965204351782993;-0.03310295464514637;0.17654908938630298;1.011479157942361
-1.6978675338898355;1.525415245444724;-9.574636380011768;-2.7316266638174636;-1.8344212793412438;-0.548022748355745;3.050498307219147
-1.1643600038313797;1.3068641562915484;-8.170585302814906;-1.8607833567298775;-0.9972353520877459;-0.31555031706148795;4.557413735835506
-0.014319886124250288;1.0435756700401895;-3.433024700741232;-0.6613296326390266;0.08097913875338522;0.7659276873757688;2.7471559343762046
-3.5082861380017283;2.8424238857553927;-22.912685621124847;-5.108008492970694;-3.088083938190448;-1.5313113521533317;4.878857388016633
0.007499789625871055;0.04985456037843712;-0.13323750800919712;-0.0277271429574505;-0.00220835673463696;0.034597584819293654;0.2142105783492437
-0.0038944890092031796;0.35860404423330683;-1.5005679804899934;-0.2527530699560036;-0.008588696277640242;0.2453913295557128;1.2490418674385781
0.017590861110342897;0.09570036622312796;-0.5044663109945954;-0.04214214907609834;0.01859212447909793;0.0780869228122113;0.5466084596854791
-26.876974943856908;12.393690826571923;-33.24393039712875;-32.6051427705455;-32.58920372209395;-32.567134292121864;0.0
-2.3528871478226168;1.9490986040425518;-15.316157474130954;-3.363457076648375;-2.0717034482460184;-1.0297296690151403;3.681803941872342
-1.31066816396802;1.5098673680617662;-8.599834854175443;-2.2939359289581183;-1.4318912960356966;-0.2727989344691209;3.4045307021746285
-0.005239384608130503;0.2316984248840483;-0.8270019855840413;-0.16758630560147664;-0.0036431808077807258;0.1505847961068022;0.8075716887985763
-0.004208738119778382;0.5682533583921018;-2.126012410384625;-0.44168892041553265;0.015994306324261038;0.4269249457321985;2.2219782478165717
0.00032753442338241006;0.16591584876429444;-0.6934186987151036;-0.11050981055974038;0.0;0.11293859708010165;0.9848731422791658
-0.020110107025167957;0.7653658003773868;-3.6919125526520804;-0.4552009168394667;0.01840434971667846;0.4601087429169615;2.887028992222961
0.006553905447533254;0.07991777012872277;-0.5081847357620102;-0.04338162314253757;0.007436849791639172;0.05825532336784019;0.3867161891652369
-0.06455004768218989;1.1855744552760379;-4.721944590698407;-0.9205234938586365;-0.08584246856886889;0.803631621846818;4.027899098589809
-0.737758176756333;0.6776642905229548;-6.043631639918288;-1.1790983217036193;-0.7238387033016921;-0.2733966487860538;2.1618809872686926
-0.6375236761257882;0.44112360492413843;-5.191697639766819;-0.8289573821907609;-0.5742703284212739;-0.36121481155873314;1.2391504743971744
-22.161319681931;2.9629873210702816e-11;-22.16131968196063;-22.16131968196063;-22.16131968196063;-22.16131968196063;-22.16131968196063
-0.008589122120421682;0.5151064642520639;-2.2757386384866622;-0.384769079294091;0.021917226050367767;0.35311086414481396;2.145452905597111
-0.033888846154995905;0.7170205198879949;-2.947149867707301;-0.5214565753058897;-0.0306739161944641;0.4490661330869545;2.634275922780577
-0.03515397115818712;0.026492714853300157;-0.14010794961423056;-0.0532459278962155;-0.03386146650697065;-0.015949241228752395;0.04956533428012283
0.014043612363970708;0.08449762442503223;-0.31090957692975585;-0.04779394644989765;0.025888387521255975;0.07841194297303491;0.25091821751371174
-0.0186355024377539;0.944367667530485;-3.3986699143466224;-0.7647007307921925;-0.04048956963350232;0.6723722429826531;2.9434689980207756
0.017516350068383865;0.17018143621680346;-0.7110444347902676;-0.09667151557626924;0.01653591709411808;0.13355933037556908;0.7721001289330518
-3.1436243604822582;1.5004751696942182;-10.244647017892992;-4.172792761780236;-3.117350461440451;-2.0717034482460184;1.7570298159583673
-0.4249195889676965;0.833244893451471;-7.7211359025578465;-0.7554616006962339;-0.41752415822825245;0.050200851884524784;2.217408360070107
-32.60877654424694;0.02018005705367167;-32.70322915736485;-32.62230787989257;-32.60882100459401;-32.595334129295466;-32.527899727121735
-1.4859974047247186;1.5626642482774233;-8.325823479997569;-2.7231395858562024;-1.7944107689524396;-0.18429083573025057;2.855295514110132
-0.3337518601591499;0.24260869867267595;-3.6415350902934582;-0.4359066881083115;-0.29264522060373416;-0.1824440914577404;0.5693725005876347
0.06123376545740154;0.22517252905424973;-0.7642288927153982;-0.10116586647163149;0.05363009775243565;0.2206147202997921;0.9043984666433466
-2.9801944253756347;1.417816546169982;-11.717613476461029;-3.92913496835865;-2.8969564775571714;-1.9884434985221913;1.4533758826080712
-0.5190856893327555;0.494571178401027;-2.51838058131303;-0.8900445963863568;-0.5190923145352978;-0.13850491004785495;1.1923466169337078
-32.69201840928472;0.018941550850917078;-32.78169827452462;-32.70445524394134;-32.692194442378806;-32.678707554239764;-32.62108180615656
-3.4633355672786545;2.4634746835784704;-19.394185578623272;-4.926142536657948;-3.20690302964811;-1.7140866382476427;3.507588077418519
0.013682109136730016;0.1371804013335322;-0.581301086053001;-0.07759161123690222;0.015263923471493607;0.1055754706778308;0.5863890600298794
-1.2376955465937631;1.1410924460243708;-9.000410371809451;-1.8258560310737555;-1.136944653428185;-0.5263186584386585;3.866093576118386
-1.7303430997229652;1.5257420022860608;-11.727150514482581;-2.530424486534583;-1.4669476557282974;-0.6708455210972898;3.632441814820265
-22.161319681931;2.9629873210702816e-11;-22.16131968196063;-22.16131968196063;-22.16131968196063;-22.16131968196063;-22.16131968196063
-0.003445160851060562;0.19804933073948378;-0.7703232220054478;-0.14748276933281743;-0.006094329290049506;0.14748276881919803;0.8337042468787723
-1.090289555460626;1.025189304015597;-9.112418690113081;-1.6548325779549473;-1.0080748673007627;-0.422741072762877;3.5457256972250866
0.0005361990124605105;0.2121795167833829;-1.0528791789738152;-0.12994010606115672;0.00242878703398068;0.1299401063179664;1.049235998679654
-2.1968357139252417;0.5627154338652737;-5.532096682872078;-2.5370748845956888;-2.151370931942686;-1.8072985174806788;0.28162510781753963
-0.1921358623359825;0.7423047742193245;-3.266884305687881;-0.6867397498349996;-0.17168493713773775;0.31901740139979745;3.0355358079759354
-22.161319681931;2.9629873210702816e-11;-22.16131968196063;-22.16131968196063;-22.16131968196063;-22.16131968196063;-22.16131968196063
-3.1957004849357324;3.0055681511565777;-24.613556908975458;-4.866427947224848;-2.492815426813858;-1.0371881791645716;3.814493017218668
-1.646188311463438;1.6491901616843057;-12.353433586003314;-2.4702049604268197;-1.3007417639276813;-0.5202967058278822;4.817562088621042
0.03958328630675102;0.15963416957090545;-0.6703406396367138;-0.06741566148547735;0.04070379592398296;0.14755126022443824;0.8217078802154061
-0.5974872208690978;0.37952834685117737;-4.420289735744862;-0.7848769310459828;-0.5522301028488849;-0.35019469877253856;0.7322252803256032
0.018643829785922553;0.13758716451328717;-0.6098216824007927;-0.07312902256590395;0.01611317454855154;0.107834321978768;0.647005931872608
0.017487644940093007;0.5697040115505395;-1.8467272152095084;-0.41831262694221183;0.047982918972783124;0.4367675957778977;1.9500750403041343
-2.635256106727076;0.6779804771175864;-7.48633004049813;-3.0158375680139105;-2.5566661959302466;-2.166064416085628;-0.43100886091669655
0.05861286266156451;0.24474235765097554;-0.778390278705186;-0.11279222222507533;0.0532974235067474;0.22310549374917515;1.0684274200654944
-0.0025117161880492795;0.2816906373912376;-1.0200614050862742;-0.2121041139469411;-0.01961656600098641;0.20229583158847217;1.2419738024189229
-20.921281030707114;0.2884497945943848;-21.452226276728037;-21.15359594543387;-20.91518325269612;-20.708722784982932;-20.384284901644854
-0.017137096584770868;0.26289773521489;-1.2738507214642993;-0.19984376051733674;-0.018390530786430825;0.16183666527077775;1.294693322166222
-0.01588875493179411;0.5008494685599946;-1.6043519577057632;-0.4195429585831387;-0.0049213252796592565;0.3727903704808535;1.5280714195947855
0.014500696649653505;0.24777763936011915;-0.8622193970631415;-0.1542279764009635;0.010929541652913061;0.17365827292961866;1.1803904985146108
-2.0000530994456307;0.5427414355209087;-4.995784521285051;-2.3264682819709797;-1.9591311848176671;-1.6273033402607697;0.025713596800731882
-2.7786704052388487;3.0100470553992613;-20.743763570450948;-4.198215775959614;-1.8556328788660403;-0.5910989502837461;3.254116465720049
-0.5857587413196595;0.543395523387931;-6.26644388651701;-0.9454465598918794;-0.5781074506345251;-0.1999288261641538;1.1586236823133604
0.019665114993905785;0.5481806519641911;-1.847957545566387;-0.40846997638289323;0.03752510329922783;0.4490709083350215;1.7372277330658914
-0.0007872821203349789;0.05445898115993535;-0.21985415575799253;-0.03754206063668274;0.0036805941297120915;0.03901429777494817;0.18501119825352777
0.0003167172144296485;0.06347053979244165;-0.22677231774248366;-0.044060043761538395;0.0014935608185339987;0.04505575135910896;0.2461886082550208
0.03130482163469053;0.5559067133199036;-2.1063271092659885;-0.3986273271076233;0.022761128230679172;0.46752587717070737;2.268730835533643
-0.028913341656488803;0.41111990188567793;-1.6343051117810485;-0.3089609061692205;-0.02942484771743109;0.24888517462096885;1.6992849853431664
-0.012561707570028278;0.8002765003034628;-3.215853374341236;-0.5521304915003539;-0.013496523639183614;0.526364401897004;3.360634258265487
-2.9526224540978956;2.3510505418541143;-22.578052251237;-4.288702359781768;-2.7764869330412743;-1.3615697929281012;5.434154774624887
-32.60190079834567;0.020937257126029486;-32.69342051611481;-32.61617748553154;-32.601464523656496;-32.58797764835794;-32.52176933276071
5.023088182255936;0.5256053596749848;3.775277217817332;4.585143001196767;5.014040054913645;5.45891321664863;6.270007931414073
-1.8351914303243773;1.6985373465757239;-10.938274722470885;-2.8279089457637414;-1.5488462109780459;-0.6202611189099592;4.492376647639121
-2.787550169112061;2.8340428481448834;-21.400773296607245;-4.2059533496594685;-2.3945684247845054;-0.8729565903011868;4.5963589358774986
-8.793990912467514;5.440420966623778;-29.272301442693315;-12.861624971852647;-9.173708239539367;-3.9250936528964884;4.459663389009841
-1.8344202227432147;1.935601180073286;-15.881022311450122;-2.236897846228068;-1.3517855408957906;-0.7287352965226728;1.254702761140548
-0.977415578257807;0.5134307679453697;-4.307639692361036;-1.2758841843693156;-0.9097715443349189;-0.6073306667798574;0.4506001725080634
0.047673179027324104;0.36614137455339446;-1.3658033715443079;-0.2071999730887188;0.03432898960289225;0.28198812888090063;1.8697038980146672
-3.1257198704117974;2.294489040643078;-16.18728254897516;-4.4836020429635965;-2.9122801804214595;-1.55192282720211;3.6130703320799116
0.023252848912071977;0.3271149144388418;-1.0237337350796665;-0.20401811111118684;0.00971514813592272;0.24895067098301976;1.2483965354660698
-2.446906051143396;1.9828296323196992;-15.231673103241569;-3.612012513642637;-2.16965632997192;-1.0248320254424645;3.8630167730652607
0.0019525439120174739;0.07498389198223726;-0.31514133219705426;-0.0490385798233184;0.01045492572973799;0.05725316471046995;0.2362315361314608
-19.00227396818077;0.32842935033163206;-19.52771973009127;-19.281933452889625;-19.044749684475622;-18.7891319613221;-18.198015958873913
-13.352138481561532;9.206932425124263e-12;-13.352138481552325;-13.352138481552325;-13.352138481552325;-13.352138481552325;-13.352138481552325
0.03836048306264749;0.224410526685668;-2.0682616306441934;-0.11066344568194805;0.03307183418823616;0.18062309441267438;2.16111716483897
-0.0035649486593105654;0.07246472050204748;-0.2750641167713204;-0.0520257017171961;0.0024892680308899974;0.04903858020853295;0.19217149198470782
-0.6787528033229762;0.6054750347734592;-5.092163127415631;-1.0562504881869732;-0.660006005884273;-0.24810444705036425;1.0333670680092133
